Word,Sentiment
ABANDON,negative
ABANDONED,negative
ABANDONING,negative
ABANDONMENT,negative
ABANDONMENTS,negative
ABANDONS,negative
ABDICATED,negative
ABDICATING,negative
ABDICATION,negative
ABERRANT,negative
ABERRATION,negative
ABERRATIONAL,negative
ABERRATIONS,negative
ABETTING,negative
ABLE,positive
ABNORMAL,negative
ABNORMALITIES,negative
ABNORMALITY,negative
ABNORMALLY,negative
ABOLISH,negative
ABOLISHED,negative
ABOLISHES,negative
ABOLISHING,negative
ABROGATE,negative
ABROGATED,negative
ABROGATES,negative
ABROGATING,negative
ABROGATION,negative
ABROGATIONS,negative
ABRUPT,negative
ABRUPTLY,negative
ABRUPTNESS,negative
ABSENCE,negative
ABSENCES,negative
ABSENTEEISM,negative
ABUNDANCE,positive
ABUNDANT,positive
ABUSE,negative
ABUSED,negative
ABUSES,negative
ABUSING,negative
ABUSIVE,negative
ABUSIVELY,negative
ABUSIVENESS,negative
ACCIDENT,negative
ACCIDENTAL,negative
ACCIDENTALLY,negative
ACCIDENTS,negative
ACCLAIMED,positive
ACCOMPLISH,positive
ACCOMPLISHED,positive
ACCOMPLISHES,positive
ACCOMPLISHING,positive
ACCOMPLISHMENT,positive
ACCOMPLISHMENTS,positive
ACCUSATION,negative
ACCUSATIONS,negative
ACCUSE,negative
ACCUSED,negative
ACCUSES,negative
ACCUSING,negative
ACHIEVE,positive
ACHIEVED,positive
ACHIEVEMENT,positive
ACHIEVEMENTS,positive
ACHIEVES,positive
ACHIEVING,positive
ACQUIESCE,negative
ACQUIESCED,negative
ACQUIESCES,negative
ACQUIESCING,negative
ACQUIT,negative
ACQUITS,negative
ACQUITTAL,negative
ACQUITTALS,negative
ACQUITTED,negative
ACQUITTING,negative
ADEQUATELY,positive
ADULTERATE,negative
ADULTERATED,negative
ADULTERATING,negative
ADULTERATION,negative
ADULTERATIONS,negative
ADVANCEMENT,positive
ADVANCEMENTS,positive
ADVANCES,positive
ADVANCING,positive
ADVANTAGE,positive
ADVANTAGED,positive
ADVANTAGEOUS,positive
ADVANTAGEOUSLY,positive
ADVANTAGES,positive
ADVERSARIAL,negative
ADVERSARIES,negative
ADVERSARY,negative
ADVERSE,negative
ADVERSELY,negative
ADVERSITIES,negative
ADVERSITY,negative
AFTERMATH,negative
AFTERMATHS,negative
AGAINST,negative
AGGRAVATE,negative
AGGRAVATED,negative
AGGRAVATES,negative
AGGRAVATING,negative
AGGRAVATION,negative
AGGRAVATIONS,negative
ALERTED,negative
ALERTING,negative
ALIENATE,negative
ALIENATED,negative
ALIENATES,negative
ALIENATING,negative
ALIENATION,negative
ALIENATIONS,negative
ALLEGATION,negative
ALLEGATIONS,negative
ALLEGE,negative
ALLEGED,negative
ALLEGEDLY,negative
ALLEGES,negative
ALLEGING,negative
ALLIANCE,positive
ALLIANCES,positive
ANNOY,negative
ANNOYANCE,negative
ANNOYANCES,negative
ANNOYED,negative
ANNOYING,negative
ANNOYS,negative
ANNUL,negative
ANNULLED,negative
ANNULLING,negative
ANNULMENT,negative
ANNULMENTS,negative
ANNULS,negative
ANOMALIES,negative
ANOMALOUS,negative
ANOMALOUSLY,negative
ANOMALY,negative
ANTICOMPETITIVE,negative
ANTITRUST,negative
ARGUE,negative
ARGUED,negative
ARGUING,negative
ARGUMENT,negative
ARGUMENTATIVE,negative
ARGUMENTS,negative
ARREARAGE,negative
ARREARAGES,negative
ARREARS,negative
ARREST,negative
ARRESTED,negative
ARRESTS,negative
ARTIFICIALLY,negative
ASSAULT,negative
ASSAULTED,negative
ASSAULTING,negative
ASSAULTS,negative
ASSERTIONS,negative
ASSURE,positive
ASSURED,positive
ASSURES,positive
ASSURING,positive
ATTAIN,positive
ATTAINED,positive
ATTAINING,positive
ATTAINMENT,positive
ATTAINMENTS,positive
ATTAINS,positive
ATTRACTIVE,positive
ATTRACTIVENESS,positive
ATTRITION,negative
AVERSELY,negative
BACKDATING,negative
BAD,negative
BAIL,negative
BAILOUT,negative
BALK,negative
BALKED,negative
BANKRUPT,negative
BANKRUPTCIES,negative
BANKRUPTCY,negative
BANKRUPTED,negative
BANKRUPTING,negative
BANKRUPTS,negative
BANS,negative
BARRED,negative
BARRIER,negative
BARRIERS,negative
BEAUTIFUL,positive
BEAUTIFULLY,positive
BENEFICIAL,positive
BENEFICIALLY,positive
BENEFIT,positive
BENEFITED,positive
BENEFITING,positive
BENEFITTED,positive
BENEFITTING,positive
BEST,positive
BETTER,positive
BOLSTERED,positive
BOLSTERING,positive
BOLSTERS,positive
BOOM,positive
BOOMING,positive
BOOST,positive
BOOSTED,positive
BOTTLENECK,negative
BOTTLENECKS,negative
BOYCOTT,negative
BOYCOTTED,negative
BOYCOTTING,negative
BOYCOTTS,negative
BREACH,negative
BREACHED,negative
BREACHES,negative
BREACHING,negative
BREAK,negative
BREAKAGE,negative
BREAKAGES,negative
BREAKDOWN,negative
BREAKDOWNS,negative
BREAKING,negative
BREAKS,negative
BREAKTHROUGH,positive
BREAKTHROUGHS,positive
BRIBE,negative
BRIBED,negative
BRIBERIES,negative
BRIBERY,negative
BRIBES,negative
BRIBING,negative
BRIDGE,negative
BRILLIANT,positive
BROKEN,negative
BURDEN,negative
BURDENED,negative
BURDENING,negative
BURDENS,negative
BURDENSOME,negative
BURNED,negative
CALAMITIES,negative
CALAMITOUS,negative
CALAMITY,negative
CANCEL,negative
CANCELED,negative
CANCELING,negative
CANCELLATION,negative
CANCELLATIONS,negative
CANCELLED,negative
CANCELLING,negative
CANCELS,negative
CARELESS,negative
CARELESSLY,negative
CARELESSNESS,negative
CATASTROPHE,negative
CATASTROPHES,negative
CATASTROPHIC,negative
CATASTROPHICALLY,negative
CAUTION,negative
CAUTIONARY,negative
CAUTIONED,negative
CAUTIONING,negative
CAUTIONS,negative
CEASE,negative
CEASED,negative
CEASES,negative
CEASING,negative
CENSURE,negative
CENSURED,negative
CENSURES,negative
CENSURING,negative
CHALLENGE,negative
CHALLENGED,negative
CHALLENGES,negative
CHALLENGING,negative
CHARGEOFFS,negative
CHARITABLE,positive
CIRCUMVENT,negative
CIRCUMVENTED,negative
CIRCUMVENTING,negative
CIRCUMVENTION,negative
CIRCUMVENTIONS,negative
CIRCUMVENTS,negative
CLAIMING,negative
CLAIMS,negative
CLAWBACK,negative
CLOSED,negative
CLOSEOUT,negative
CLOSEOUTS,negative
CLOSING,negative
CLOSINGS,negative
CLOSURE,negative
CLOSURES,negative
COERCE,negative
COERCED,negative
COERCES,negative
COERCING,negative
COERCION,negative
COERCIVE,negative
COLLABORATE,positive
COLLABORATED,positive
COLLABORATES,positive
COLLABORATING,positive
COLLABORATION,positive
COLLABORATIONS,positive
COLLABORATIVE,positive
COLLABORATOR,positive
COLLABORATORS,positive
COLLAPSE,negative
COLLAPSED,negative
COLLAPSES,negative
COLLAPSING,negative
COLLISION,negative
COLLISIONS,negative
COLLUDE,negative
COLLUDED,negative
COLLUDES,negative
COLLUDING,negative
COLLUSION,negative
COLLUSIONS,negative
COLLUSIVE,negative
COMPLAIN,negative
COMPLAINED,negative
COMPLAINING,negative
COMPLAINS,negative
COMPLAINT,negative
COMPLAINTS,negative
COMPLICATE,negative
COMPLICATED,negative
COMPLICATES,negative
COMPLICATING,negative
COMPLICATION,negative
COMPLICATIONS,negative
COMPLIMENT,positive
COMPLIMENTARY,positive
COMPLIMENTED,positive
COMPLIMENTING,positive
COMPLIMENTS,positive
COMPULSION,negative
CONCEALED,negative
CONCEALING,negative
CONCEDE,negative
CONCEDED,negative
CONCEDES,negative
CONCEDING,negative
CONCERN,negative
CONCERNED,negative
CONCERNS,negative
CONCILIATING,negative
CONCILIATION,negative
CONCILIATIONS,negative
CONCLUSIVE,positive
CONCLUSIVELY,positive
CONDEMN,negative
CONDEMNATION,negative
CONDEMNATIONS,negative
CONDEMNED,negative
CONDEMNING,negative
CONDEMNS,negative
CONDONE,negative
CONDONED,negative
CONDUCIVE,positive
CONFESS,negative
CONFESSED,negative
CONFESSES,negative
CONFESSING,negative
CONFESSION,negative
CONFIDENT,positive
CONFINE,negative
CONFINED,negative
CONFINEMENT,negative
CONFINEMENTS,negative
CONFINES,negative
CONFINING,negative
CONFISCATE,negative
CONFISCATED,negative
CONFISCATES,negative
CONFISCATING,negative
CONFISCATION,negative
CONFISCATIONS,negative
CONFLICT,negative
CONFLICTED,negative
CONFLICTING,negative
CONFLICTS,negative
CONFRONT,negative
CONFRONTATION,negative
CONFRONTATIONAL,negative
CONFRONTATIONS,negative
CONFRONTED,negative
CONFRONTING,negative
CONFRONTS,negative
CONFUSE,negative
CONFUSED,negative
CONFUSES,negative
CONFUSING,negative
CONFUSINGLY,negative
CONFUSION,negative
CONSPIRACIES,negative
CONSPIRACY,negative
CONSPIRATOR,negative
CONSPIRATORIAL,negative
CONSPIRATORS,negative
CONSPIRE,negative
CONSPIRED,negative
CONSPIRES,negative
CONSPIRING,negative
CONSTRUCTIVE,positive
CONSTRUCTIVELY,positive
CONTEMPT,negative
CONTEND,negative
CONTENDED,negative
CONTENDING,negative
CONTENDS,negative
CONTENTION,negative
CONTENTIONS,negative
CONTENTIOUS,negative
CONTENTIOUSLY,negative
CONTESTED,negative
CONTESTING,negative
CONTRACTION,negative
CONTRACTIONS,negative
CONTRADICT,negative
CONTRADICTED,negative
CONTRADICTING,negative
CONTRADICTION,negative
CONTRADICTIONS,negative
CONTRADICTORY,negative
CONTRADICTS,negative
CONTRARY,negative
CONTROVERSIAL,negative
CONTROVERSIES,negative
CONTROVERSY,negative
CONVICT,negative
CONVICTED,negative
CONVICTING,negative
CONVICTION,negative
CONVICTIONS,negative
CORRECTED,negative
CORRECTING,negative
CORRECTION,negative
CORRECTIONS,negative
CORRECTS,negative
CORRUPT,negative
CORRUPTED,negative
CORRUPTING,negative
CORRUPTION,negative
CORRUPTIONS,negative
CORRUPTLY,negative
CORRUPTNESS,negative
COSTLY,negative
COUNTERCLAIM,negative
COUNTERCLAIMED,negative
COUNTERCLAIMING,negative
COUNTERCLAIMS,negative
COUNTERFEIT,negative
COUNTERFEITED,negative
COUNTERFEITER,negative
COUNTERFEITERS,negative
COUNTERFEITING,negative
COUNTERFEITS,negative
COUNTERMEASURE,negative
COUNTERMEASURES,negative
COURTEOUS,positive
CREATIVE,positive
CREATIVELY,positive
CREATIVENESS,positive
CREATIVITY,positive
CRIME,negative
CRIMES,negative
CRIMINAL,negative
CRIMINALLY,negative
CRIMINALS,negative
CRISES,negative
CRISIS,negative
CRITICAL,negative
CRITICALLY,negative
CRITICISM,negative
CRITICISMS,negative
CRITICIZE,negative
CRITICIZED,negative
CRITICIZES,negative
CRITICIZING,negative
CRUCIAL,negative
CRUCIALLY,negative
CULPABILITY,negative
CULPABLE,negative
CULPABLY,negative
CUMBERSOME,negative
CURTAIL,negative
CURTAILED,negative
CURTAILING,negative
CURTAILMENT,negative
CURTAILMENTS,negative
CURTAILS,negative
CUT,negative
CUTBACK,negative
CUTBACKS,negative
CYBERATTACK,negative
CYBERATTACKS,negative
CYBERBULLYING,negative
CYBERCRIME,negative
CYBERCRIMES,negative
CYBERCRIMINAL,negative
CYBERCRIMINALS,negative
DAMAGE,negative
DAMAGED,negative
DAMAGES,negative
DAMAGING,negative
DAMPEN,negative
DAMPENED,negative
DANGER,negative
DANGEROUS,negative
DANGEROUSLY,negative
DANGERS,negative
DEADLOCK,negative
DEADLOCKED,negative
DEADLOCKING,negative
DEADLOCKS,negative
DEADWEIGHT,negative
DEADWEIGHTS,negative
DEBARMENT,negative
DEBARMENTS,negative
DEBARRED,negative
DECEASED,negative
DECEIT,negative
DECEITFUL,negative
DECEITFULNESS,negative
DECEIVE,negative
DECEIVED,negative
DECEIVES,negative
DECEIVING,negative
DECEPTION,negative
DECEPTIONS,negative
DECEPTIVE,negative
DECEPTIVELY,negative
DECLINE,negative
DECLINED,negative
DECLINES,negative
DECLINING,negative
DEFACE,negative
DEFACED,negative
DEFACEMENT,negative
DEFAMATION,negative
DEFAMATIONS,negative
DEFAMATORY,negative
DEFAME,negative
DEFAMED,negative
DEFAMES,negative
DEFAMING,negative
DEFAULT,negative
DEFAULTED,negative
DEFAULTING,negative
DEFAULTS,negative
DEFEAT,negative
DEFEATED,negative
DEFEATING,negative
DEFEATS,negative
DEFECT,negative
DEFECTIVE,negative
DEFECTS,negative
DEFEND,negative
DEFENDANT,negative
DEFENDANTS,negative
DEFENDED,negative
DEFENDING,negative
DEFENDS,negative
DEFENSIVE,negative
DEFER,negative
DEFICIENCIES,negative
DEFICIENCY,negative
DEFICIENT,negative
DEFICIT,negative
DEFICITS,negative
DEFRAUD,negative
DEFRAUDED,negative
DEFRAUDING,negative
DEFRAUDS,negative
DEFUNCT,negative
DEGRADATION,negative
DEGRADATIONS,negative
DEGRADE,negative
DEGRADED,negative
DEGRADES,negative
DEGRADING,negative
DELAY,negative
DELAYED,negative
DELAYING,negative
DELAYS,negative
DELETERIOUS,negative
DELIBERATE,negative
DELIBERATED,negative
DELIBERATELY,negative
DELIGHT,positive
DELIGHTED,positive
DELIGHTFUL,positive
DELIGHTFULLY,positive
DELIGHTING,positive
DELIGHTS,positive
DELINQUENCIES,negative
DELINQUENCY,negative
DELINQUENT,negative
DELINQUENTLY,negative
DELINQUENTS,negative
DELIST,negative
DELISTED,negative
DELISTING,negative
DELISTS,negative
DEMISE,negative
DEMISED,negative
DEMISES,negative
DEMISING,negative
DEMOLISH,negative
DEMOLISHED,negative
DEMOLISHES,negative
DEMOLISHING,negative
DEMOLITION,negative
DEMOLITIONS,negative
DEMOTE,negative
DEMOTED,negative
DEMOTES,negative
DEMOTING,negative
DEMOTION,negative
DEMOTIONS,negative
DENIAL,negative
DENIALS,negative
DENIED,negative
DENIES,negative
DENIGRATE,negative
DENIGRATED,negative
DENIGRATES,negative
DENIGRATING,negative
DENIGRATION,negative
DENY,negative
DENYING,negative
DEPENDABILITY,positive
DEPENDABLE,positive
DEPLETE,negative
DEPLETED,negative
DEPLETES,negative
DEPLETING,negative
DEPLETION,negative
DEPLETIONS,negative
DEPRECATION,negative
DEPRESS,negative
DEPRESSED,negative
DEPRESSES,negative
DEPRESSING,negative
DEPRIVATION,negative
DEPRIVE,negative
DEPRIVED,negative
DEPRIVES,negative
DEPRIVING,negative
DERELICT,negative
DERELICTION,negative
DEROGATORY,negative
DESIRABLE,positive
DESIRED,positive
DESPITE,positive
DESTABILIZATION,negative
DESTABILIZE,negative
DESTABILIZED,negative
DESTABILIZING,negative
DESTINED,positive
DESTROY,negative
DESTROYED,negative
DESTROYING,negative
DESTROYS,negative
DESTRUCTION,negative
DESTRUCTIVE,negative
DETAIN,negative
DETAINED,negative
DETENTION,negative
DETENTIONS,negative
DETER,negative
DETERIORATE,negative
DETERIORATED,negative
DETERIORATES,negative
DETERIORATING,negative
DETERIORATION,negative
DETERIORATIONS,negative
DETERRED,negative
DETERRENCE,negative
DETERRENCES,negative
DETERRENT,negative
DETERRENTS,negative
DETERRING,negative
DETERS,negative
DETRACT,negative
DETRACTED,negative
DETRACTING,negative
DETRIMENT,negative
DETRIMENTAL,negative
DETRIMENTALLY,negative
DETRIMENTS,negative
DEVALUE,negative
DEVALUED,negative
DEVALUES,negative
DEVALUING,negative
DEVASTATE,negative
DEVASTATED,negative
DEVASTATING,negative
DEVASTATION,negative
DEVIATE,negative
DEVIATED,negative
DEVIATES,negative
DEVIATING,negative
DEVIATION,negative
DEVIATIONS,negative
DEVOLVE,negative
DEVOLVED,negative
DEVOLVES,negative
DEVOLVING,negative
DIFFICULT,negative
DIFFICULTIES,negative
DIFFICULTLY,negative
DIFFICULTY,negative
DILIGENT,positive
DILIGENTLY,positive
DIMINISH,negative
DIMINISHED,negative
DIMINISHES,negative
DIMINISHING,negative
DIMINUTION,negative
DISADVANTAGE,negative
DISADVANTAGED,negative
DISADVANTAGEOUS,negative
DISADVANTAGES,negative
DISAFFILIATION,negative
DISAGREE,negative
DISAGREEABLE,negative
DISAGREED,negative
DISAGREEING,negative
DISAGREEMENT,negative
DISAGREEMENTS,negative
DISAGREES,negative
DISALLOW,negative
DISALLOWANCE,negative
DISALLOWANCES,negative
DISALLOWED,negative
DISALLOWING,negative
DISALLOWS,negative
DISAPPEAR,negative
DISAPPEARANCE,negative
DISAPPEARANCES,negative
DISAPPEARED,negative
DISAPPEARING,negative
DISAPPEARS,negative
DISAPPOINT,negative
DISAPPOINTED,negative
DISAPPOINTING,negative
DISAPPOINTINGLY,negative
DISAPPOINTMENT,negative
DISAPPOINTMENTS,negative
DISAPPOINTS,negative
DISAPPROVAL,negative
DISAPPROVALS,negative
DISAPPROVE,negative
DISAPPROVED,negative
DISAPPROVES,negative
DISAPPROVING,negative
DISASSOCIATES,negative
DISASSOCIATING,negative
DISASSOCIATION,negative
DISASSOCIATIONS,negative
DISASTER,negative
DISASTERS,negative
DISASTROUS,negative
DISASTROUSLY,negative
DISAVOW,negative
DISAVOWAL,negative
DISAVOWED,negative
DISAVOWING,negative
DISAVOWS,negative
DISCIPLINARY,negative
DISCLAIM,negative
DISCLAIMED,negative
DISCLAIMER,negative
DISCLAIMERS,negative
DISCLAIMING,negative
DISCLAIMS,negative
DISCLOSE,negative
DISCLOSED,negative
DISCLOSES,negative
DISCLOSING,negative
DISCONTINUANCE,negative
DISCONTINUANCES,negative
DISCONTINUATION,negative
DISCONTINUATIONS,negative
DISCONTINUE,negative
DISCONTINUED,negative
DISCONTINUES,negative
DISCONTINUING,negative
DISCOURAGE,negative
DISCOURAGED,negative
DISCOURAGES,negative
DISCOURAGING,negative
DISCREDIT,negative
DISCREDITED,negative
DISCREDITING,negative
DISCREDITS,negative
DISCREPANCIES,negative
DISCREPANCY,negative
DISFAVOR,negative
DISFAVORED,negative
DISFAVORING,negative
DISFAVORS,negative
DISGORGE,negative
DISGORGED,negative
DISGORGEMENT,negative
DISGORGEMENTS,negative
DISGORGES,negative
DISGORGING,negative
DISGRACE,negative
DISGRACEFUL,negative
DISGRACEFULLY,negative
DISHONEST,negative
DISHONESTLY,negative
DISHONESTY,negative
DISHONOR,negative
DISHONORABLE,negative
DISHONORABLY,negative
DISHONORED,negative
DISHONORING,negative
DISHONORS,negative
DISINCENTIVES,negative
DISINTERESTED,negative
DISINTERESTEDLY,negative
DISINTERESTEDNESS,negative
DISLOYAL,negative
DISLOYALLY,negative
DISLOYALTY,negative
DISMAL,negative
DISMALLY,negative
DISMISS,negative
DISMISSAL,negative
DISMISSALS,negative
DISMISSED,negative
DISMISSES,negative
DISMISSING,negative
DISORDERLY,negative
DISPARAGE,negative
DISPARAGED,negative
DISPARAGEMENT,negative
DISPARAGEMENTS,negative
DISPARAGES,negative
DISPARAGING,negative
DISPARAGINGLY,negative
DISPARITIES,negative
DISPARITY,negative
DISPLACE,negative
DISPLACED,negative
DISPLACEMENT,negative
DISPLACEMENTS,negative
DISPLACES,negative
DISPLACING,negative
DISPOSE,negative
DISPOSSESS,negative
DISPOSSESSED,negative
DISPOSSESSES,negative
DISPOSSESSING,negative
DISPROPORTION,negative
DISPROPORTIONAL,negative
DISPROPORTIONATE,negative
DISPROPORTIONATELY,negative
DISPUTE,negative
DISPUTED,negative
DISPUTES,negative
DISPUTING,negative
DISQUALIFICATION,negative
DISQUALIFICATIONS,negative
DISQUALIFIED,negative
DISQUALIFIES,negative
DISQUALIFY,negative
DISQUALIFYING,negative
DISREGARD,negative
DISREGARDED,negative
DISREGARDING,negative
DISREGARDS,negative
DISREPUTABLE,negative
DISREPUTE,negative
DISRUPT,negative
DISRUPTED,negative
DISRUPTING,negative
DISRUPTION,negative
DISRUPTIONS,negative
DISRUPTIVE,negative
DISRUPTS,negative
DISSATISFACTION,negative
DISSATISFIED,negative
DISSENT,negative
DISSENTED,negative
DISSENTER,negative
DISSENTERS,negative
DISSENTING,negative
DISSENTS,negative
DISSIDENT,negative
DISSIDENTS,negative
DISSOLUTION,negative
DISSOLUTIONS,negative
DISTINCTION,positive
DISTINCTIONS,positive
DISTINCTIVE,positive
DISTINCTIVELY,positive
DISTINCTIVENESS,positive
DISTORT,negative
DISTORTED,negative
DISTORTING,negative
DISTORTION,negative
DISTORTIONS,negative
DISTORTS,negative
DISTRACT,negative
DISTRACTED,negative
DISTRACTING,negative
DISTRACTION,negative
DISTRACTIONS,negative
DISTRACTS,negative
DISTRESS,negative
DISTRESSED,negative
DISTURB,negative
DISTURBANCE,negative
DISTURBANCES,negative
DISTURBED,negative
DISTURBING,negative
DISTURBS,negative
DIVERSION,negative
DIVERT,negative
DIVERTED,negative
DIVERTING,negative
DIVERTS,negative
DIVEST,negative
DIVESTED,negative
DIVESTING,negative
DIVESTITURE,negative
DIVESTITURES,negative
DIVESTMENT,negative
DIVESTMENTS,negative
DIVESTS,negative
DIVORCE,negative
DIVORCED,negative
DIVULGE,negative
DIVULGED,negative
DIVULGES,negative
DIVULGING,negative
DOUBT,negative
DOUBTED,negative
DOUBTFUL,negative
DOUBTS,negative
DOWNGRADE,negative
DOWNGRADED,negative
DOWNGRADES,negative
DOWNGRADING,negative
DOWNSIZE,negative
DOWNSIZED,negative
DOWNSIZES,negative
DOWNSIZING,negative
DOWNSIZINGS,negative
DOWNTIME,negative
DOWNTIMES,negative
DOWNTURN,negative
DOWNTURNS,negative
DOWNWARD,negative
DOWNWARDS,negative
DRAG,negative
DRASTIC,negative
DRASTICALLY,negative
DRAWBACK,negative
DRAWBACKS,negative
DREAM,positive
DROPPED,negative
DROUGHT,negative
DROUGHTS,negative
DURESS,negative
DYSFUNCTION,negative
DYSFUNCTIONAL,negative
DYSFUNCTIONS,negative
EASIER,positive
EASILY,positive
EASING,negative
EASY,positive
EFFECTIVE,positive
EFFICIENCIES,positive
EFFICIENCY,positive
EFFICIENT,positive
EFFICIENTLY,positive
EGREGIOUS,negative
EGREGIOUSLY,negative
EMBARGO,negative
EMBARGOED,negative
EMBARGOES,negative
EMBARGOING,negative
EMBARRASS,negative
EMBARRASSED,negative
EMBARRASSES,negative
EMBARRASSING,negative
EMBARRASSMENT,negative
EMBARRASSMENTS,negative
EMBEZZLE,negative
EMBEZZLED,negative
EMBEZZLEMENT,negative
EMBEZZLEMENTS,negative
EMBEZZLER,negative
EMBEZZLES,negative
EMBEZZLING,negative
EMPOWER,positive
EMPOWERED,positive
EMPOWERING,positive
EMPOWERS,positive
ENABLE,positive
ENABLED,positive
ENABLES,positive
ENABLING,positive
ENCOURAGED,positive
ENCOURAGEMENT,positive
ENCOURAGES,positive
ENCOURAGING,positive
ENCROACH,negative
ENCROACHED,negative
ENCROACHES,negative
ENCROACHING,negative
ENCROACHMENT,negative
ENCROACHMENTS,negative
ENCUMBER,negative
ENCUMBERED,negative
ENCUMBERING,negative
ENCUMBERS,negative
ENCUMBRANCE,negative
ENCUMBRANCES,negative
ENDANGER,negative
ENDANGERED,negative
ENDANGERING,negative
ENDANGERMENT,negative
ENDANGERS,negative
ENHANCE,positive
ENHANCED,positive
ENHANCEMENT,positive
ENHANCEMENTS,positive
ENHANCES,positive
ENHANCING,positive
ENJOIN,negative
ENJOINED,negative
ENJOINING,negative
ENJOINS,negative
ENJOY,positive
ENJOYABLE,positive
ENJOYABLY,positive
ENJOYED,positive
ENJOYING,positive
ENJOYMENT,positive
ENJOYS,positive
ENTHUSIASM,positive
ENTHUSIASTIC,positive
ENTHUSIASTICALLY,positive
ERODE,negative
ERODED,negative
ERODES,negative
ERODING,negative
EROSION,negative
ERRATIC,negative
ERRATICALLY,negative
ERRED,negative
ERRING,negative
ERRONEOUS,negative
ERRONEOUSLY,negative
ERROR,negative
ERRORS,negative
ERRS,negative
ESCALATE,negative
ESCALATED,negative
ESCALATES,negative
ESCALATING,negative
EVADE,negative
EVADED,negative
EVADES,negative
EVADING,negative
EVASION,negative
EVASIONS,negative
EVASIVE,negative
EVICT,negative
EVICTED,negative
EVICTING,negative
EVICTION,negative
EVICTIONS,negative
EVICTS,negative
EXACERBATE,negative
EXACERBATED,negative
EXACERBATES,negative
EXACERBATING,negative
EXACERBATION,negative
EXACERBATIONS,negative
EXAGGERATE,negative
EXAGGERATED,negative
EXAGGERATES,negative
EXAGGERATING,negative
EXAGGERATION,negative
EXCELLENCE,positive
EXCELLENT,positive
EXCELLING,positive
EXCELS,positive
EXCEPTIONAL,positive
EXCEPTIONALLY,positive
EXCESSIVE,negative
EXCESSIVELY,negative
EXCITED,positive
EXCITEMENT,positive
EXCITING,positive
EXCLUSIVE,positive
EXCLUSIVELY,positive
EXCLUSIVENESS,positive
EXCLUSIVES,positive
EXCLUSIVITY,positive
EXCULPATE,negative
EXCULPATED,negative
EXCULPATES,negative
EXCULPATING,negative
EXCULPATION,negative
EXCULPATIONS,negative
EXCULPATORY,negative
EXEMPLARY,positive
EXONERATE,negative
EXONERATED,negative
EXONERATES,negative
EXONERATING,negative
EXONERATION,negative
EXONERATIONS,negative
EXPLOIT,negative
EXPLOITATION,negative
EXPLOITATIONS,negative
EXPLOITATIVE,negative
EXPLOITED,negative
EXPLOITING,negative
EXPLOITS,negative
EXPOSE,negative
EXPOSED,negative
EXPOSES,negative
EXPOSING,negative
EXPROPRIATE,negative
EXPROPRIATED,negative
EXPROPRIATES,negative
EXPROPRIATING,negative
EXPROPRIATION,negative
EXPROPRIATIONS,negative
EXPULSION,negative
EXPULSIONS,negative
EXTENUATING,negative
FAIL,negative
FAILED,negative
FAILING,negative
FAILINGS,negative
FAILS,negative
FAILURE,negative
FAILURES,negative
FALLOUT,negative
FALSE,negative
FALSELY,negative
FALSIFICATION,negative
FALSIFICATIONS,negative
FALSIFIED,negative
FALSIFIES,negative
FALSIFY,negative
FALSIFYING,negative
FALSITY,negative
FANTASTIC,positive
FATALITIES,negative
FATALITY,negative
FATALLY,negative
FAULT,negative
FAULTED,negative
FAULTS,negative
FAULTY,negative
FAVORABLE,positive
FAVORABLY,positive
FAVORED,positive
FAVORING,positive
FAVORITE,positive
FAVORITES,positive
FEAR,negative
FEARS,negative
FELONIES,negative
FELONIOUS,negative
FELONY,negative
FICTITIOUS,negative
FINED,negative
FINES,negative
FIRED,negative
FIRING,negative
FLAW,negative
FLAWED,negative
FLAWS,negative
FORBID,negative
FORBIDDEN,negative
FORBIDDING,negative
FORBIDS,negative
FORCE,negative
FORCED,negative
FORCING,negative
FORECLOSE,negative
FORECLOSED,negative
FORECLOSES,negative
FORECLOSING,negative
FORECLOSURE,negative
FORECLOSURES,negative
FOREGO,negative
FOREGOES,negative
FOREGONE,negative
FORESTALL,negative
FORESTALLED,negative
FORESTALLING,negative
FORESTALLS,negative
FORFEIT,negative
FORFEITED,negative
FORFEITING,negative
FORFEITS,negative
FORFEITURE,negative
FORFEITURES,negative
FORGERS,negative
FORGERY,negative
FRAUD,negative
FRAUDS,negative
FRAUDULENCE,negative
FRAUDULENT,negative
FRAUDULENTLY,negative
FRIENDLY,positive
FRIVOLOUS,negative
FRIVOLOUSLY,negative
FRUSTRATE,negative
FRUSTRATED,negative
FRUSTRATES,negative
FRUSTRATING,negative
FRUSTRATINGLY,negative
FRUSTRATION,negative
FRUSTRATIONS,negative
FUGITIVE,negative
FUGITIVES,negative
GAIN,positive
GAINED,positive
GAINING,positive
GAINS,positive
GOOD,positive
GRATUITOUS,negative
GRATUITOUSLY,negative
GREAT,positive
GREATER,positive
GREATEST,positive
GREATLY,positive
GREATNESS,positive
GRIEVANCE,negative
GRIEVANCES,negative
GROSSLY,negative
GROUNDLESS,negative
GUILTY,negative
HALT,negative
HALTED,negative
HAMPER,negative
HAMPERED,negative
HAMPERING,negative
HAMPERS,negative
HAPPIEST,positive
HAPPILY,positive
HAPPINESS,positive
HAPPY,positive
HARASS,negative
HARASSED,negative
HARASSING,negative
HARASSMENT,negative
HARDSHIP,negative
HARDSHIPS,negative
HARM,negative
HARMED,negative
HARMFUL,negative
HARMFULLY,negative
HARMING,negative
HARMS,negative
HARSH,negative
HARSHER,negative
HARSHEST,negative
HARSHLY,negative
HARSHNESS,negative
HAZARD,negative
HAZARDOUS,negative
HAZARDS,negative
HIGHEST,positive
HINDER,negative
HINDERED,negative
HINDERING,negative
HINDERS,negative
HINDRANCE,negative
HINDRANCES,negative
HONOR,positive
HONORABLE,positive
HONORED,positive
HONORING,positive
HONORS,positive
HOSTILE,negative
HOSTILITY,negative
HURT,negative
HURTING,negative
IDEAL,positive
IDLE,negative
IDLED,negative
IDLING,negative
IGNORE,negative
IGNORED,negative
IGNORES,negative
IGNORING,negative
ILL,negative
ILLEGAL,negative
ILLEGALITIES,negative
ILLEGALITY,negative
ILLEGALLY,negative
ILLEGIBLE,negative
ILLICIT,negative
ILLICITLY,negative
ILLIQUID,negative
ILLIQUIDITY,negative
IMBALANCE,negative
IMBALANCES,negative
IMMATURE,negative
IMMORAL,negative
IMPAIR,negative
IMPAIRED,negative
IMPAIRING,negative
IMPAIRMENT,negative
IMPAIRMENTS,negative
IMPAIRS,negative
IMPASSE,negative
IMPASSES,negative
IMPEDE,negative
IMPEDED,negative
IMPEDES,negative
IMPEDIMENT,negative
IMPEDIMENTS,negative
IMPEDING,negative
IMPENDING,negative
IMPERATIVE,negative
IMPERFECTION,negative
IMPERFECTIONS,negative
IMPERIL,negative
IMPERMISSIBLE,negative
IMPLICATE,negative
IMPLICATED,negative
IMPLICATES,negative
IMPLICATING,negative
IMPOSSIBILITY,negative
IMPOSSIBLE,negative
IMPOUND,negative
IMPOUNDED,negative
IMPOUNDING,negative
IMPOUNDS,negative
IMPRACTICABLE,negative
IMPRACTICAL,negative
IMPRACTICALITIES,negative
IMPRACTICALITY,negative
IMPRESS,positive
IMPRESSED,positive
IMPRESSES,positive
IMPRESSING,positive
IMPRESSIVE,positive
IMPRESSIVELY,positive
IMPRISONMENT,negative
IMPROPER,negative
IMPROPERLY,negative
IMPROPRIETIES,negative
IMPROPRIETY,negative
IMPROVE,positive
IMPROVED,positive
IMPROVEMENT,positive
IMPROVEMENTS,positive
IMPROVES,positive
IMPROVING,positive
IMPRUDENT,negative
IMPRUDENTLY,negative
INABILITY,negative
INACCESSIBLE,negative
INACCURACIES,negative
INACCURACY,negative
INACCURATE,negative
INACCURATELY,negative
INACTION,negative
INACTIONS,negative
INACTIVATE,negative
INACTIVATED,negative
INACTIVATES,negative
INACTIVATING,negative
INACTIVATION,negative
INACTIVATIONS,negative
INACTIVITY,negative
INADEQUACIES,negative
INADEQUACY,negative
INADEQUATE,negative
INADEQUATELY,negative
INADVERTENT,negative
INADVERTENTLY,negative
INADVISABILITY,negative
INADVISABLE,negative
INAPPROPRIATE,negative
INAPPROPRIATELY,negative
INATTENTION,negative
INCAPABLE,negative
INCAPACITATED,negative
INCAPACITY,negative
INCARCERATE,negative
INCARCERATED,negative
INCARCERATES,negative
INCARCERATING,negative
INCARCERATION,negative
INCARCERATIONS,negative
INCIDENCE,negative
INCIDENCES,negative
INCIDENT,negative
INCIDENTS,negative
INCOMPATIBILITIES,negative
INCOMPATIBILITY,negative
INCOMPATIBLE,negative
INCOMPETENCE,negative
INCOMPETENCY,negative
INCOMPETENT,negative
INCOMPETENTLY,negative
INCOMPETENTS,negative
INCOMPLETE,negative
INCOMPLETELY,negative
INCOMPLETENESS,negative
INCONCLUSIVE,negative
INCONSISTENCIES,negative
INCONSISTENCY,negative
INCONSISTENT,negative
INCONSISTENTLY,negative
INCONVENIENCE,negative
INCONVENIENCES,negative
INCONVENIENT,negative
INCORRECT,negative
INCORRECTLY,negative
INCORRECTNESS,negative
INCREDIBLE,positive
INCREDIBLY,positive
INDECENCY,negative
INDECENT,negative
INDEFEASIBLE,negative
INDEFEASIBLY,negative
INDICT,negative
INDICTABLE,negative
INDICTED,negative
INDICTING,negative
INDICTMENT,negative
INDICTMENTS,negative
INEFFECTIVE,negative
INEFFECTIVELY,negative
INEFFECTIVENESS,negative
INEFFICIENCIES,negative
INEFFICIENCY,negative
INEFFICIENT,negative
INEFFICIENTLY,negative
INELIGIBILITY,negative
INELIGIBLE,negative
INEQUITABLE,negative
INEQUITABLY,negative
INEQUITIES,negative
INEQUITY,negative
INEVITABLE,negative
INEXPERIENCE,negative
INEXPERIENCED,negative
INFERIOR,negative
INFLICTED,negative
INFLUENTIAL,positive
INFORMATIVE,positive
INFRACTION,negative
INFRACTIONS,negative
INFRINGE,negative
INFRINGED,negative
INFRINGEMENT,negative
INFRINGEMENTS,negative
INFRINGES,negative
INFRINGING,negative
INGENUITY,positive
INHIBITED,negative
INIMICAL,negative
INJUNCTION,negative
INJUNCTIONS,negative
INJURE,negative
INJURED,negative
INJURES,negative
INJURIES,negative
INJURING,negative
INJURIOUS,negative
INJURY,negative
INNOVATE,positive
INNOVATED,positive
INNOVATES,positive
INNOVATING,positive
INNOVATION,positive
INNOVATIONS,positive
INNOVATIVE,positive
INNOVATIVENESS,positive
INNOVATOR,positive
INNOVATORS,positive
INORDINATE,negative
INORDINATELY,negative
INQUIRY,negative
INSECURE,negative
INSENSITIVE,negative
INSIGHTFUL,positive
INSOLVENCIES,negative
INSOLVENCY,negative
INSOLVENT,negative
INSPIRATION,positive
INSPIRATIONAL,positive
INSTABILITY,negative
INSUBORDINATION,negative
INSUFFICIENCY,negative
INSUFFICIENT,negative
INSUFFICIENTLY,negative
INSURRECTION,negative
INSURRECTIONS,negative
INTEGRITY,positive
INTENTIONAL,negative
INTERFERE,negative
INTERFERED,negative
INTERFERENCE,negative
INTERFERENCES,negative
INTERFERES,negative
INTERFERING,negative
INTERMITTENT,negative
INTERMITTENTLY,negative
INTERRUPT,negative
INTERRUPTED,negative
INTERRUPTING,negative
INTERRUPTION,negative
INTERRUPTIONS,negative
INTERRUPTS,negative
INTIMIDATION,negative
INTRUSION,negative
INVALID,negative
INVALIDATE,negative
INVALIDATED,negative
INVALIDATES,negative
INVALIDATING,negative
INVALIDATION,negative
INVALIDITY,negative
INVENT,positive
INVENTED,positive
INVENTING,positive
INVENTION,positive
INVENTIONS,positive
INVENTIVE,positive
INVENTIVENESS,positive
INVENTOR,positive
INVENTORS,positive
INVESTIGATE,negative
INVESTIGATED,negative
INVESTIGATES,negative
INVESTIGATING,negative
INVESTIGATION,negative
INVESTIGATIONS,negative
INVOLUNTARILY,negative
INVOLUNTARY,negative
IRRECONCILABLE,negative
IRRECONCILABLY,negative
IRRECOVERABLE,negative
IRRECOVERABLY,negative
IRREGULAR,negative
IRREGULARITIES,negative
IRREGULARITY,negative
IRREGULARLY,negative
IRREPARABLE,negative
IRREPARABLY,negative
IRREVERSIBLE,negative
JEOPARDIZE,negative
JEOPARDIZED,negative
JUSTIFIABLE,negative
KICKBACK,negative
KICKBACKS,negative
KNOWINGLY,negative
LACK,negative
LACKED,negative
LACKING,negative
LACKLUSTER,negative
LACKS,negative
LAG,negative
LAGGED,negative
LAGGING,negative
LAGS,negative
LAPSE,negative
LAPSED,negative
LAPSES,negative
LAPSING,negative
LATE,negative
LAUNDERING,negative
LAYOFF,negative
LAYOFFS,negative
LEADERSHIP,positive
LEADING,positive
LIE,negative
LIMITATION,negative
LIMITATIONS,negative
LINGERING,negative
LIQUIDATE,negative
LIQUIDATED,negative
LIQUIDATES,negative
LIQUIDATING,negative
LIQUIDATION,negative
LIQUIDATIONS,negative
LIQUIDATOR,negative
LIQUIDATORS,negative
LITIGANT,negative
LITIGANTS,negative
LITIGATE,negative
LITIGATED,negative
LITIGATES,negative
LITIGATING,negative
LITIGATION,negative
LITIGATIONS,negative
LOCKOUT,negative
LOCKOUTS,negative
LOSE,negative
LOSES,negative
LOSING,negative
LOSS,negative
LOSSES,negative
LOST,negative
LOYAL,positive
LUCRATIVE,positive
LYING,negative
MALFEASANCE,negative
MALFUNCTION,negative
MALFUNCTIONED,negative
MALFUNCTIONING,negative
MALFUNCTIONS,negative
MALICE,negative
MALICIOUS,negative
MALICIOUSLY,negative
MALPRACTICE,negative
MANIPULATE,negative
MANIPULATED,negative
MANIPULATES,negative
MANIPULATING,negative
MANIPULATION,negative
MANIPULATIONS,negative
MANIPULATIVE,negative
MARKDOWN,negative
MARKDOWNS,negative
MERITORIOUS,positive
MISAPPLICATION,negative
MISAPPLICATIONS,negative
MISAPPLIED,negative
MISAPPLIES,negative
MISAPPLY,negative
MISAPPLYING,negative
MISAPPROPRIATE,negative
MISAPPROPRIATED,negative
MISAPPROPRIATES,negative
MISAPPROPRIATING,negative
MISAPPROPRIATION,negative
MISAPPROPRIATIONS,negative
MISBRANDED,negative
MISCALCULATE,negative
MISCALCULATED,negative
MISCALCULATES,negative
MISCALCULATING,negative
MISCALCULATION,negative
MISCALCULATIONS,negative
MISCHARACTERIZATION,negative
MISCHIEF,negative
MISCLASSIFICATION,negative
MISCLASSIFICATIONS,negative
MISCLASSIFIED,negative
MISCLASSIFY,negative
MISCOMMUNICATION,negative
MISCONDUCT,negative
MISDATED,negative
MISDEMEANOR,negative
MISDEMEANORS,negative
MISDIRECTED,negative
MISHANDLE,negative
MISHANDLED,negative
MISHANDLES,negative
MISHANDLING,negative
MISINFORM,negative
MISINFORMATION,negative
MISINFORMED,negative
MISINFORMING,negative
MISINFORMS,negative
MISINTERPRET,negative
MISINTERPRETATION,negative
MISINTERPRETATIONS,negative
MISINTERPRETED,negative
MISINTERPRETING,negative
MISINTERPRETS,negative
MISJUDGE,negative
MISJUDGED,negative
MISJUDGES,negative
MISJUDGING,negative
MISJUDGMENT,negative
MISJUDGMENTS,negative
MISLABEL,negative
MISLABELED,negative
MISLABELING,negative
MISLABELLED,negative
MISLABELS,negative
MISLEAD,negative
MISLEADING,negative
MISLEADINGLY,negative
MISLEADS,negative
MISLED,negative
MISMANAGE,negative
MISMANAGED,negative
MISMANAGEMENT,negative
MISMANAGES,negative
MISMANAGING,negative
MISMATCH,negative
MISMATCHED,negative
MISMATCHES,negative
MISMATCHING,negative
MISPLACED,negative
MISPRICE,negative
MISPRICING,negative
MISPRICINGS,negative
MISREPRESENT,negative
MISREPRESENTATION,negative
MISREPRESENTATIONS,negative
MISREPRESENTED,negative
MISREPRESENTING,negative
MISREPRESENTS,negative
MISS,negative
MISSED,negative
MISSES,negative
MISSTATE,negative
MISSTATED,negative
MISSTATEMENT,negative
MISSTATEMENTS,negative
MISSTATES,negative
MISSTATING,negative
MISSTEP,negative
MISSTEPS,negative
MISTAKE,negative
MISTAKEN,negative
MISTAKENLY,negative
MISTAKES,negative
MISTAKING,negative
MISTRIAL,negative
MISTRIALS,negative
MISUNDERSTAND,negative
MISUNDERSTANDING,negative
MISUNDERSTANDINGS,negative
MISUNDERSTOOD,negative
MISUSE,negative
MISUSED,negative
MISUSES,negative
MISUSING,negative
MONOPOLISTIC,negative
MONOPOLISTS,negative
MONOPOLIZATION,negative
MONOPOLIZE,negative
MONOPOLIZED,negative
MONOPOLIZES,negative
MONOPOLIZING,negative
MONOPOLY,negative
MORATORIA,negative
MORATORIUM,negative
MORATORIUMS,negative
MOTHBALLED,negative
MOTHBALLING,negative
NEGATIVE,negative
NEGATIVELY,negative
NEGATIVES,negative
NEGLECT,negative
NEGLECTED,negative
NEGLECTFUL,negative
NEGLECTING,negative
NEGLECTS,negative
NEGLIGENCE,negative
NEGLIGENCES,negative
NEGLIGENT,negative
NEGLIGENTLY,negative
NONATTAINMENT,negative
NONCOMPETITIVE,negative
NONCOMPLIANCE,negative
NONCOMPLIANCES,negative
NONCOMPLIANT,negative
NONCOMPLYING,negative
NONCONFORMING,negative
NONCONFORMITIES,negative
NONCONFORMITY,negative
NONDISCLOSURE,negative
NONFUNCTIONAL,negative
NONPAYMENT,negative
NONPAYMENTS,negative
NONPERFORMANCE,negative
NONPERFORMANCES,negative
NONPERFORMING,negative
NONPRODUCING,negative
NONPRODUCTIVE,negative
NONRECOVERABLE,negative
NONRENEWAL,negative
NUISANCE,negative
NUISANCES,negative
NULLIFICATION,negative
NULLIFICATIONS,negative
NULLIFIED,negative
NULLIFIES,negative
NULLIFY,negative
NULLIFYING,negative
OBJECTED,negative
OBJECTING,negative
OBJECTION,negative
OBJECTIONABLE,negative
OBJECTIONABLY,negative
OBJECTIONS,negative
OBSCENE,negative
OBSCENITY,negative
OBSOLESCENCE,negative
OBSOLETE,negative
OBSTACLE,negative
OBSTACLES,negative
OBSTRUCT,negative
OBSTRUCTED,negative
OBSTRUCTING,negative
OBSTRUCTION,negative
OBSTRUCTIONS,negative
OFFENCE,negative
OFFENCES,negative
OFFEND,negative
OFFENDED,negative
OFFENDER,negative
OFFENDERS,negative
OFFENDING,negative
OFFENDS,negative
OMISSION,negative
OMISSIONS,negative
OMIT,negative
OMITS,negative
OMITTED,negative
OMITTING,negative
ONEROUS,negative
OPPORTUNISTIC,negative
OPPORTUNISTICALLY,negative
OPPORTUNITIES,positive
OPPORTUNITY,positive
OPPOSE,negative
OPPOSED,negative
OPPOSES,negative
OPPOSING,negative
OPPOSITION,negative
OPPOSITIONS,negative
OPTIMISTIC,positive
OUTAGE,negative
OUTAGES,negative
OUTDATED,negative
OUTMODED,negative
OUTPERFORM,positive
OUTPERFORMED,positive
OUTPERFORMING,positive
OUTPERFORMS,positive
OVERAGE,negative
OVERAGES,negative
OVERBUILD,negative
OVERBUILDING,negative
OVERBUILDS,negative
OVERBUILT,negative
OVERBURDEN,negative
OVERBURDENED,negative
OVERBURDENING,negative
OVERCAPACITIES,negative
OVERCAPACITY,negative
OVERCHARGE,negative
OVERCHARGED,negative
OVERCHARGES,negative
OVERCHARGING,negative
OVERCOME,negative
OVERCOMES,negative
OVERCOMING,negative
OVERDUE,negative
OVERESTIMATE,negative
OVERESTIMATED,negative
OVERESTIMATES,negative
OVERESTIMATING,negative
OVERESTIMATION,negative
OVERESTIMATIONS,negative
OVERLOAD,negative
OVERLOADED,negative
OVERLOADING,negative
OVERLOADS,negative
OVERLOOK,negative
OVERLOOKED,negative
OVERLOOKING,negative
OVERLOOKS,negative
OVERPAID,negative
OVERPAYMENT,negative
OVERPAYMENTS,negative
OVERPRODUCED,negative
OVERPRODUCES,negative
OVERPRODUCING,negative
OVERPRODUCTION,negative
OVERRUN,negative
OVERRUNNING,negative
OVERRUNS,negative
OVERSHADOW,negative
OVERSHADOWED,negative
OVERSHADOWING,negative
OVERSHADOWS,negative
OVERSTATE,negative
OVERSTATED,negative
OVERSTATEMENT,negative
OVERSTATEMENTS,negative
OVERSTATES,negative
OVERSTATING,negative
OVERSUPPLIED,negative
OVERSUPPLIES,negative
OVERSUPPLY,negative
OVERSUPPLYING,negative
OVERTLY,negative
OVERTURN,negative
OVERTURNED,negative
OVERTURNING,negative
OVERTURNS,negative
OVERVALUE,negative
OVERVALUED,negative
OVERVALUING,negative
PANIC,negative
PANICS,negative
PENALIZE,negative
PENALIZED,negative
PENALIZES,negative
PENALIZING,negative
PENALTIES,negative
PENALTY,negative
PERFECT,positive
PERFECTED,positive
PERFECTLY,positive
PERFECTS,positive
PERIL,negative
PERILS,negative
PERJURY,negative
PERPETRATE,negative
PERPETRATED,negative
PERPETRATES,negative
PERPETRATING,negative
PERPETRATION,negative
PERSIST,negative
PERSISTED,negative
PERSISTENCE,negative
PERSISTENT,negative
PERSISTENTLY,negative
PERSISTING,negative
PERSISTS,negative
PERVASIVE,negative
PERVASIVELY,negative
PERVASIVENESS,negative
PETTY,negative
PICKET,negative
PICKETED,negative
PICKETING,negative
PLAINTIFF,negative
PLAINTIFFS,negative
PLEA,negative
PLEAD,negative
PLEADED,negative
PLEADING,negative
PLEADINGS,negative
PLEADS,negative
PLEAS,negative
PLEASANT,positive
PLEASANTLY,positive
PLEASED,positive
PLEASURE,positive
PLED,negative
PLENTIFUL,positive
POOR,negative
POORLY,negative
POPULAR,positive
POPULARITY,positive
POSES,negative
POSING,negative
POSITIVE,positive
POSITIVELY,positive
POSTPONE,negative
POSTPONED,negative
POSTPONEMENT,negative
POSTPONEMENTS,negative
POSTPONES,negative
POSTPONING,negative
PRECIPITATED,negative
PRECIPITOUS,negative
PRECIPITOUSLY,negative
PRECLUDE,negative
PRECLUDED,negative
PRECLUDES,negative
PRECLUDING,negative
PREDATORY,negative
PREEMINENCE,positive
PREEMINENT,positive
PREJUDICE,negative
PREJUDICED,negative
PREJUDICES,negative
PREJUDICIAL,negative
PREJUDICING,negative
PREMATURE,negative
PREMATURELY,negative
PREMIER,positive
PREMIERE,positive
PRESSING,negative
PRESTIGE,positive
PRESTIGIOUS,positive
PRETRIAL,negative
PREVENTING,negative
PREVENTION,negative
PREVENTS,negative
PROACTIVE,positive
PROACTIVELY,positive
PROBLEM,negative
PROBLEMATIC,negative
PROBLEMATICAL,negative
PROBLEMS,negative
PROFICIENCY,positive
PROFICIENT,positive
PROFICIENTLY,positive
PROFITABILITY,positive
PROFITABLE,positive
PROFITABLY,positive
PROGRESS,positive
PROGRESSED,positive
PROGRESSES,positive
PROGRESSING,positive
PROLONG,negative
PROLONGATION,negative
PROLONGATIONS,negative
PROLONGED,negative
PROLONGING,negative
PROLONGS,negative
PRONE,negative
PROSECUTE,negative
PROSECUTED,negative
PROSECUTES,negative
PROSECUTING,negative
PROSECUTION,negative
PROSECUTIONS,negative
PROSPERED,positive
PROSPERING,positive
PROSPERITY,positive
PROSPEROUS,positive
PROSPERS,positive
PROTEST,negative
PROTESTED,negative
PROTESTER,negative
PROTESTERS,negative
PROTESTING,negative
PROTESTOR,negative
PROTESTORS,negative
PROTESTS,negative
PROTRACTED,negative
PROTRACTION,negative
PROVOKE,negative
PROVOKED,negative
PROVOKES,negative
PROVOKING,negative
PUNISHED,negative
PUNISHES,negative
PUNISHING,negative
PUNISHMENT,negative
PUNISHMENTS,negative
PUNITIVE,negative
PURPORT,negative
PURPORTED,negative
PURPORTEDLY,negative
PURPORTING,negative
PURPORTS,negative
QUESTION,negative
QUESTIONABLE,negative
QUESTIONABLY,negative
QUESTIONED,negative
QUESTIONING,negative
QUESTIONS,negative
QUIT,negative
QUITTING,negative
RACKETEER,negative
RACKETEERING,negative
RATIONALIZATION,negative
RATIONALIZATIONS,negative
RATIONALIZE,negative
RATIONALIZED,negative
RATIONALIZES,negative
RATIONALIZING,negative
REASSESSMENT,negative
REASSESSMENTS,negative
REASSIGN,negative
REASSIGNED,negative
REASSIGNING,negative
REASSIGNMENT,negative
REASSIGNMENTS,negative
REASSIGNS,negative
REBOUND,positive
REBOUNDED,positive
REBOUNDING,positive
RECALL,negative
RECALLED,negative
RECALLING,negative
RECALLS,negative
RECEPTIVE,positive
RECESSION,negative
RECESSIONARY,negative
RECESSIONS,negative
RECKLESS,negative
RECKLESSLY,negative
RECKLESSNESS,negative
REDACT,negative
REDACTED,negative
REDACTING,negative
REDACTION,negative
REDACTIONS,negative
REDEFAULT,negative
REDEFAULTED,negative
REDEFAULTS,negative
REDRESS,negative
REDRESSED,negative
REDRESSES,negative
REDRESSING,negative
REFUSAL,negative
REFUSALS,negative
REFUSE,negative
REFUSED,negative
REFUSES,negative
REFUSING,negative
REGAIN,positive
REGAINED,positive
REGAINING,positive
REJECT,negative
REJECTED,negative
REJECTING,negative
REJECTION,negative
REJECTIONS,negative
REJECTS,negative
RELINQUISH,negative
RELINQUISHED,negative
RELINQUISHES,negative
RELINQUISHING,negative
RELINQUISHMENT,negative
RELINQUISHMENTS,negative
RELUCTANCE,negative
RELUCTANT,negative
RENEGOTIATE,negative
RENEGOTIATED,negative
RENEGOTIATES,negative
RENEGOTIATING,negative
RENEGOTIATION,negative
RENEGOTIATIONS,negative
RENOUNCE,negative
RENOUNCED,negative
RENOUNCEMENT,negative
RENOUNCEMENTS,negative
RENOUNCES,negative
RENOUNCING,negative
REPARATION,negative
REPARATIONS,negative
REPOSSESSED,negative
REPOSSESSES,negative
REPOSSESSING,negative
REPOSSESSION,negative
REPOSSESSIONS,negative
REPUDIATE,negative
REPUDIATED,negative
REPUDIATES,negative
REPUDIATING,negative
REPUDIATION,negative
REPUDIATIONS,negative
RESIGN,negative
RESIGNATION,negative
RESIGNATIONS,negative
RESIGNED,negative
RESIGNING,negative
RESIGNS,negative
RESOLVE,positive
RESTATE,negative
RESTATED,negative
RESTATEMENT,negative
RESTATEMENTS,negative
RESTATES,negative
RESTATING,negative
RESTRUCTURE,negative
RESTRUCTURED,negative
RESTRUCTURES,negative
RESTRUCTURING,negative
RESTRUCTURINGS,negative
RETALIATE,negative
RETALIATED,negative
RETALIATES,negative
RETALIATING,negative
RETALIATION,negative
RETALIATIONS,negative
RETALIATORY,negative
RETRIBUTION,negative
RETRIBUTIONS,negative
REVOCATION,negative
REVOCATIONS,negative
REVOKE,negative
REVOKED,negative
REVOKES,negative
REVOKING,negative
REVOLUTIONIZE,positive
REVOLUTIONIZED,positive
REVOLUTIONIZES,positive
REVOLUTIONIZING,positive
REWARD,positive
REWARDED,positive
REWARDING,positive
REWARDS,positive
RIDICULE,negative
RIDICULED,negative
RIDICULES,negative
RIDICULING,negative
RISKIER,negative
RISKIEST,negative
RISKY,negative
SABOTAGE,negative
SACRIFICE,negative
SACRIFICED,negative
SACRIFICES,negative
SACRIFICIAL,negative
SACRIFICING,negative
SATISFACTION,positive
SATISFACTORILY,positive
SATISFACTORY,positive
SATISFIED,positive
SATISFIES,positive
SATISFY,positive
SATISFYING,positive
SCANDALOUS,negative
SCANDALS,negative
SCRUTINIZE,negative
SCRUTINIZED,negative
SCRUTINIZES,negative
SCRUTINIZING,negative
SCRUTINY,negative
SECRECY,negative
SEIZE,negative
SEIZED,negative
SEIZES,negative
SEIZING,negative
SENTENCED,negative
SENTENCING,negative
SERIOUS,negative
SERIOUSLY,negative
SERIOUSNESS,negative
SETBACK,negative
SETBACKS,negative
SEVER,negative
SEVERE,negative
SEVERED,negative
SEVERELY,negative
SEVERITIES,negative
SEVERITY,negative
SHARPLY,negative
SHOCKED,negative
SHORTAGE,negative
SHORTAGES,negative
SHORTFALL,negative
SHORTFALLS,negative
SHRINKAGE,negative
SHRINKAGES,negative
SHUT,negative
SHUTDOWN,negative
SHUTDOWNS,negative
SHUTS,negative
SHUTTING,negative
SLANDER,negative
SLANDERED,negative
SLANDEROUS,negative
SLANDERS,negative
SLIPPAGE,negative
SLIPPAGES,negative
SLOW,negative
SLOWDOWN,negative
SLOWDOWNS,negative
SLOWED,negative
SLOWER,negative
SLOWEST,negative
SLOWING,negative
SLOWLY,negative
SLOWNESS,negative
SLUGGISH,negative
SLUGGISHLY,negative
SLUGGISHNESS,negative
SMOOTH,positive
SMOOTHING,positive
SMOOTHLY,positive
SMOOTHS,positive
SOLVENCIES,negative
SOLVENCY,negative
SOLVES,positive
SOLVING,positive
SPAM,negative
SPAMMERS,negative
SPAMMING,negative
SPECTACULAR,positive
SPECTACULARLY,positive
STABILITY,positive
STABILIZATION,positive
STABILIZATIONS,positive
STABILIZE,positive
STABILIZED,positive
STABILIZES,positive
STABILIZING,positive
STABLE,positive
STAGGERING,negative
STAGNANT,negative
STAGNATE,negative
STAGNATED,negative
STAGNATES,negative
STAGNATING,negative
STAGNATION,negative
STANDSTILL,negative
STANDSTILLS,negative
STOLEN,negative
STOPPAGE,negative
STOPPAGES,negative
STOPPED,negative
STOPPING,negative
STOPS,negative
STRAIN,negative
STRAINED,negative
STRAINING,negative
STRAINS,negative
STRENGTH,positive
STRENGTHEN,positive
STRENGTHENED,positive
STRENGTHENING,positive
STRENGTHENS,positive
STRENGTHS,positive
STRESS,negative
STRESSED,negative
STRESSES,negative
STRESSFUL,negative
STRESSING,negative
STRINGENT,negative
STRONG,positive
STRONGER,positive
STRONGEST,positive
SUBJECTED,negative
SUBJECTING,negative
SUBJECTION,negative
SUBPOENA,negative
SUBPOENAED,negative
SUBPOENAS,negative
SUBSTANDARD,negative
SUCCEED,positive
SUCCEEDED,positive
SUCCEEDING,positive
SUCCEEDS,positive
SUCCESS,positive
SUCCESSES,positive
SUCCESSFUL,positive
SUCCESSFULLY,positive
SUE,negative
SUED,negative
SUES,negative
SUFFER,negative
SUFFERED,negative
SUFFERING,negative
SUFFERS,negative
SUING,negative
SUMMONED,negative
SUMMONING,negative
SUMMONS,negative
SUMMONSES,negative
SUPERIOR,positive
SURPASS,positive
SURPASSED,positive
SURPASSES,positive
SURPASSING,positive
SUSCEPTIBILITY,negative
SUSCEPTIBLE,negative
SUSPECT,negative
SUSPECTED,negative
SUSPECTS,negative
SUSPEND,negative
SUSPENDED,negative
SUSPENDING,negative
SUSPENDS,negative
SUSPENSION,negative
SUSPENSIONS,negative
SUSPICION,negative
SUSPICIONS,negative
SUSPICIOUS,negative
SUSPICIOUSLY,negative
TAINT,negative
TAINTED,negative
TAINTING,negative
TAINTS,negative
TAMPERED,negative
TENSE,negative
TERMINATE,negative
TERMINATED,negative
TERMINATES,negative
TERMINATING,negative
TERMINATION,negative
TERMINATIONS,negative
TESTIFY,negative
TESTIFYING,negative
THREAT,negative
THREATEN,negative
THREATENED,negative
THREATENING,negative
THREATENS,negative
THREATS,negative
TIGHTENING,negative
TOLERATE,negative
TOLERATED,negative
TOLERATES,negative
TOLERATING,negative
TOLERATION,negative
TORTUOUS,negative
TORTUOUSLY,negative
TRAGEDIES,negative
TRAGEDY,negative
TRAGIC,negative
TRAGICALLY,negative
TRANSPARENCY,positive
TRAUMATIC,negative
TREMENDOUS,positive
TREMENDOUSLY,positive
TROUBLE,negative
TROUBLED,negative
TROUBLES,negative
TURBULENCE,negative
TURMOIL,negative
UNABLE,negative
UNACCEPTABLE,negative
UNACCEPTABLY,negative
UNACCOUNTED,negative
UNANNOUNCED,negative
UNANTICIPATED,negative
UNAPPROVED,negative
UNATTRACTIVE,negative
UNAUTHORIZED,negative
UNAVAILABILITY,negative
UNAVAILABLE,negative
UNAVOIDABLE,negative
UNAVOIDABLY,negative
UNAWARE,negative
UNCOLLECTABLE,negative
UNCOLLECTED,negative
UNCOLLECTIBILITY,negative
UNCOLLECTIBLE,negative
UNCOLLECTIBLES,negative
UNCOMPETITIVE,negative
UNCOMPLETED,negative
UNCONSCIONABLE,negative
UNCONSCIONABLY,negative
UNCONTROLLABLE,negative
UNCONTROLLABLY,negative
UNCONTROLLED,negative
UNCORRECTED,negative
UNCOVER,negative
UNCOVERED,negative
UNCOVERING,negative
UNCOVERS,negative
UNDELIVERABLE,negative
UNDELIVERED,negative
UNDERCAPITALIZED,negative
UNDERCUT,negative
UNDERCUTS,negative
UNDERCUTTING,negative
UNDERESTIMATE,negative
UNDERESTIMATED,negative
UNDERESTIMATES,negative
UNDERESTIMATING,negative
UNDERESTIMATION,negative
UNDERFUNDED,negative
UNDERINSURED,negative
UNDERMINE,negative
UNDERMINED,negative
UNDERMINES,negative
UNDERMINING,negative
UNDERPAID,negative
UNDERPAYMENT,negative
UNDERPAYMENTS,negative
UNDERPAYS,negative
UNDERPERFORM,negative
UNDERPERFORMANCE,negative
UNDERPERFORMED,negative
UNDERPERFORMING,negative
UNDERPERFORMS,negative
UNDERPRODUCED,negative
UNDERPRODUCTION,negative
UNDERREPORTING,negative
UNDERSTATE,negative
UNDERSTATED,negative
UNDERSTATEMENT,negative
UNDERSTATEMENTS,negative
UNDERSTATES,negative
UNDERSTATING,negative
UNDERUTILIZATION,negative
UNDERUTILIZED,negative
UNDESIRABLE,negative
UNDESIRED,negative
UNDETECTED,negative
UNDETERMINED,negative
UNDISCLOSED,negative
UNDOCUMENTED,negative
UNDUE,negative
UNDULY,negative
UNECONOMIC,negative
UNECONOMICAL,negative
UNECONOMICALLY,negative
UNEMPLOYED,negative
UNEMPLOYMENT,negative
UNETHICAL,negative
UNETHICALLY,negative
UNEXCUSED,negative
UNEXPECTED,negative
UNEXPECTEDLY,negative
UNFAIR,negative
UNFAIRLY,negative
UNFAVORABILITY,negative
UNFAVORABLE,negative
UNFAVORABLY,negative
UNFAVOURABLE,negative
UNFEASIBLE,negative
UNFIT,negative
UNFITNESS,negative
UNFORESEEABLE,negative
UNFORESEEN,negative
UNFORSEEN,negative
UNFORTUNATE,negative
UNFORTUNATELY,negative
UNFOUNDED,negative
UNFRIENDLY,negative
UNFULFILLED,negative
UNFUNDED,negative
UNINSURED,negative
UNINTENDED,negative
UNINTENTIONAL,negative
UNINTENTIONALLY,negative
UNJUST,negative
UNJUSTIFIABLE,negative
UNJUSTIFIABLY,negative
UNJUSTIFIED,negative
UNJUSTLY,negative
UNKNOWING,negative
UNKNOWINGLY,negative
UNLAWFUL,negative
UNLAWFULLY,negative
UNLICENSED,negative
UNLIQUIDATED,negative
UNMARKETABLE,negative
UNMATCHED,positive
UNMERCHANTABLE,negative
UNMERITORIOUS,negative
UNNECESSARILY,negative
UNNECESSARY,negative
UNNEEDED,negative
UNOBTAINABLE,negative
UNOCCUPIED,negative
UNPAID,negative
UNPARALLELED,positive
UNPERFORMED,negative
UNPLANNED,negative
UNPOPULAR,negative
UNPREDICTABILITY,negative
UNPREDICTABLE,negative
UNPREDICTABLY,negative
UNPREDICTED,negative
UNPRODUCTIVE,negative
UNPROFITABILITY,negative
UNPROFITABLE,negative
UNQUALIFIED,negative
UNREALISTIC,negative
UNREASONABLE,negative
UNREASONABLENESS,negative
UNREASONABLY,negative
UNRECEPTIVE,negative
UNRECOVERABLE,negative
UNRECOVERED,negative
UNREIMBURSED,negative
UNRELIABLE,negative
UNREMEDIED,negative
UNREPORTED,negative
UNRESOLVED,negative
UNREST,negative
UNSAFE,negative
UNSALABLE,negative
UNSALEABLE,negative
UNSATISFACTORY,negative
UNSATISFIED,negative
UNSAVORY,negative
UNSCHEDULED,negative
UNSELLABLE,negative
UNSOLD,negative
UNSOUND,negative
UNSTABILIZED,negative
UNSTABLE,negative
UNSUBSTANTIATED,negative
UNSUCCESSFUL,negative
UNSUCCESSFULLY,negative
UNSUITABILITY,negative
UNSUITABLE,negative
UNSUITABLY,negative
UNSUITED,negative
UNSURE,negative
UNSURPASSED,positive
UNSUSPECTED,negative
UNSUSPECTING,negative
UNSUSTAINABLE,negative
UNTENABLE,negative
UNTIMELY,negative
UNTRUSTED,negative
UNTRUTH,negative
UNTRUTHFUL,negative
UNTRUTHFULLY,negative
UNTRUTHFULNESS,negative
UNTRUTHS,negative
UNUSABLE,negative
UNWANTED,negative
UNWARRANTED,negative
UNWELCOME,negative
UNWILLING,negative
UNWILLINGNESS,negative
UPSET,negative
UPTURN,positive
UPTURNS,positive
URGENCY,negative
URGENT,negative
USURIOUS,negative
USURP,negative
USURPED,negative
USURPING,negative
USURPS,negative
USURY,negative
VALUABLE,positive
VANDALISM,negative
VERDICT,negative
VERDICTS,negative
VERSATILE,positive
VERSATILITY,positive
VETOED,negative
VIBRANCY,positive
VIBRANT,positive
VICTIMS,negative
VIOLATE,negative
VIOLATED,negative
VIOLATES,negative
VIOLATING,negative
VIOLATION,negative
VIOLATIONS,negative
VIOLATIVE,negative
VIOLATOR,negative
VIOLATORS,negative
VIOLENCE,negative
VIOLENT,negative
VIOLENTLY,negative
VITIATE,negative
VITIATED,negative
VITIATES,negative
VITIATING,negative
VITIATION,negative
VOIDED,negative
VOIDING,negative
VOLATILE,negative
VOLATILITY,negative
VULNERABILITIES,negative
VULNERABILITY,negative
VULNERABLE,negative
VULNERABLY,negative
WARN,negative
WARNED,negative
WARNING,negative
WARNINGS,negative
WARNS,negative
WASTED,negative
WASTEFUL,negative
WASTING,negative
WEAK,negative
WEAKEN,negative
WEAKENED,negative
WEAKENING,negative
WEAKENS,negative
WEAKER,negative
WEAKEST,negative
WEAKLY,negative
WEAKNESS,negative
WEAKNESSES,negative
WILLFULLY,negative
WIN,positive
WINNER,positive
WINNERS,positive
WINNING,positive
WORRIES,negative
WORRY,negative
WORRYING,negative
WORSE,negative
WORSEN,negative
WORSENED,negative
WORSENING,negative
WORSENS,negative
WORST,negative
WORTHLESS,negative
WORTHY,positive
WRITEDOWN,negative
WRITEDOWNS,negative
WRITEOFF,negative
WRITEOFFS,negative
WRONG,negative
WRONGDOING,negative
WRONGDOINGS,negative
WRONGFUL,negative
WRONGFULLY,negative
WRONGLY,negative
